case_id,domain,complaint_text,duration,expected_priority,acceptable_priorities,accepted_specialties,expected_orientation,clinical_rationale
B06-001,Neurologie,"Depuis 35 minutes, faiblesse du bras droit et difficulté soudaine à parler.",Moins de 24 heures,P1,P1,Neurologie|Médecine d’urgence,Urgences / évaluation immédiate,Déficit neurologique focal brutal compatible avec une urgence temps-dépendante.
B06-002,Neurologie,"Depuis ce matin, vertiges importants et démarche instable, sans faiblesse d'un côté ni trouble de parole.",1 à 3 jours,P2,P2,Neurologie,Consultation médicale prioritaire,Symptômes neurologiques aigus sans signe focal majeur rapporté.
B06-003,Neurologie,"Fourmillements intermittents de la main la nuit depuis trois mois, sans faiblesse.",Plus d'une semaine,P3,P3,Neurologie,Consultation non urgente / programmée,Symptômes chroniques stables nécessitant évaluation programmée.
B06-004,Cardiologie,Douleur oppressante au centre de la poitrine depuis 25 minutes avec sueurs et nausées.,Moins de 24 heures,P1,P1,Cardiologie|Médecine d’urgence,Urgences / évaluation immédiate,Douleur thoracique prolongée avec signes neurovégétatifs.
B06-005,Cardiologie,Palpitations persistantes depuis deux heures avec étourdissement mais sans douleur thoracique ni syncope.,1 à 3 jours,P2,P2,Cardiologie,Consultation médicale prioritaire,Trouble du rythme symptomatique sans instabilité décrite.
B06-006,Cardiologie,"Palpitations brèves de quelques secondes plusieurs fois par semaine depuis deux mois, sans malaise.",Plus d'une semaine,P3,P3,Cardiologie,Consultation non urgente / programmée,Palpitations chroniques sans signe de gravité.
B06-007,Pneumologie,"Essoufflement au repos, je dois m'arrêter après quelques mots pour reprendre mon souffle.",Moins de 24 heures,P1,P1,Pneumologie|Médecine d’urgence,Urgences / évaluation immédiate,Détresse respiratoire probable.
B06-008,Pneumologie,"Toux, fièvre et essoufflement uniquement à la marche depuis trois jours, respiration normale au repos.",1 à 3 jours,P2,P2,Pneumologie,Consultation médicale prioritaire,Atteinte respiratoire significative sans détresse au repos.
B06-009,Pneumologie,"Toux sèche après un rhume depuis dix jours, nettement en amélioration.",1 à 3 jours,P4,P3|P4,Pneumologie,Conseils / autosurveillance,"Symptôme résiduel en amélioration, sans red flag."
B06-010,Gastro-entérologie,douleur abdominale récent avec aggravation nette ou retentissement important sur les activités.,1 à 3 jours,P2,P2|P3,Gastro-entérologie,Consultation médicale prioritaire,Symptôme significatif sans danger immédiat clairement décrit.
B06-011,Gastro-entérologie,"douleur abdominale persistant mais stable depuis plusieurs semaines, sans signe d'alarme.",Plus d'une semaine,P3,P3,Gastro-entérologie,Consultation non urgente / programmée,Problème persistant stable nécessitant consultation programmée.
B06-012,Gastro-entérologie,"douleur abdominale léger, transitoire et déjà en amélioration, sans signe d'alarme.",1 à 3 jours,P4,P3|P4,Gastro-entérologie,Conseils / autosurveillance,"Symptôme bénin en amélioration, recours si persistance/aggravation."
B06-013,Hépatologie,ictère récent avec aggravation nette ou retentissement important sur les activités.,1 à 3 jours,P2,P2|P3,Hépatologie|Gastro-entérologie|Médecine interne,Consultation médicale prioritaire,Symptôme significatif sans danger immédiat clairement décrit.
B06-014,Hépatologie,"ictère persistant mais stable depuis plusieurs semaines, sans signe d'alarme.",Plus d'une semaine,P3,P3,Hépatologie|Gastro-entérologie|Médecine interne,Consultation non urgente / programmée,Problème persistant stable nécessitant consultation programmée.
B06-015,Hépatologie,"ictère léger, transitoire et déjà en amélioration, sans signe d'alarme.",1 à 3 jours,P4,P3|P4,Hépatologie|Gastro-entérologie|Médecine interne,Conseils / autosurveillance,"Symptôme bénin en amélioration, recours si persistance/aggravation."
B06-016,Néphrologie,Presque plus d'urines depuis hier avec essoufflement au repos et jambes gonflées.,Moins de 24 heures,P1,P1,Néphrologie|Médecine d’urgence,Urgences / évaluation immédiate,Oligo-anurie avec surcharge et détresse respiratoire.
B06-017,Néphrologie,"Urines nettement diminuées avec œdèmes des chevilles, sans essoufflement.",1 à 3 jours,P2,P2,Néphrologie,Consultation médicale prioritaire,Atteinte rénale significative nécessitant évaluation rapide.
B06-018,Néphrologie,"Protéines découvertes sur analyse d'urine, aucun symptôme actuel.",Plus d'une semaine,P3,P3,Néphrologie,Consultation non urgente / programmée,Anomalie biologique nécessitant bilan programmé.
B06-019,Urologie,Impossible d'uriner depuis 12 heures avec bas ventre très douloureux et tendu.,Moins de 24 heures,P1,P1|P2,Urologie|Médecine d’urgence,Urgences / évaluation immédiate,"Rétention urinaire aiguë douloureuse, urgence d'évaluation."
B06-020,Urologie,Fièvre avec douleur du flanc et brûlures urinaires.,1 à 3 jours,P2,P2,Urologie,Consultation médicale prioritaire,Infection urinaire haute possible.
B06-021,Urologie,"Jet urinaire plus faible depuis plusieurs mois avec levers nocturnes, sans douleur ni fièvre.",Plus d'une semaine,P3,P3,Urologie,Consultation non urgente / programmée,Symptômes urinaires chroniques stables.
B06-022,Endocrinologie,symptômes endocriniens récent avec aggravation nette ou retentissement important sur les activités.,1 à 3 jours,P2,P2|P3,Endocrinologie,Consultation médicale prioritaire,Symptôme significatif sans danger immédiat clairement décrit.
B06-023,Endocrinologie,"symptômes endocriniens persistant mais stable depuis plusieurs semaines, sans signe d'alarme.",Plus d'une semaine,P3,P3,Endocrinologie,Consultation non urgente / programmée,Problème persistant stable nécessitant consultation programmée.
B06-024,Endocrinologie,"symptômes endocriniens léger, transitoire et déjà en amélioration, sans signe d'alarme.",1 à 3 jours,P4,P3|P4,Endocrinologie,Conseils / autosurveillance,"Symptôme bénin en amélioration, recours si persistance/aggravation."
B06-025,Diabétologie,"Diabétique avec vomissements, respiration profonde et rapide, grande faiblesse.",Moins de 24 heures,P1,P1,Diabétologie|Médecine d’urgence,Urgences / évaluation immédiate,Décompensation métabolique sévère possible.
B06-026,Diabétologie,"Soif intense, urines fréquentes et glycémies très élevées, sans vomissement ni respiration anormale.",1 à 3 jours,P2,P2,Diabétologie,Consultation médicale prioritaire,Hyperglycémie symptomatique sans signe de décompensation sévère.
B06-027,Diabétologie,"Diabète connu, consultation de contrôle pour glycémies stables et aucun nouveau symptôme.",Plus d'une semaine,P3,P3,Diabétologie,Consultation non urgente / programmée,Suivi programmé d'une maladie chronique stable.
B06-028,Rhumatologie,douleurs articulaires récent avec aggravation nette ou retentissement important sur les activités.,1 à 3 jours,P2,P2|P3,Rhumatologie,Consultation médicale prioritaire,Symptôme significatif sans danger immédiat clairement décrit.
B06-029,Rhumatologie,"douleurs articulaires persistant mais stable depuis plusieurs semaines, sans signe d'alarme.",Plus d'une semaine,P3,P3,Rhumatologie,Consultation non urgente / programmée,Problème persistant stable nécessitant consultation programmée.
B06-030,Rhumatologie,"douleurs articulaires léger, transitoire et déjà en amélioration, sans signe d'alarme.",1 à 3 jours,P4,P3|P4,Rhumatologie,Conseils / autosurveillance,"Symptôme bénin en amélioration, recours si persistance/aggravation."
B06-031,Dermatologie,éruption cutanée récent avec aggravation nette ou retentissement important sur les activités.,1 à 3 jours,P2,P2|P3,Dermatologie,Consultation médicale prioritaire,Symptôme significatif sans danger immédiat clairement décrit.
B06-032,Dermatologie,"éruption cutanée persistant mais stable depuis plusieurs semaines, sans signe d'alarme.",Plus d'une semaine,P3,P3,Dermatologie,Consultation non urgente / programmée,Problème persistant stable nécessitant consultation programmée.
B06-033,Dermatologie,"éruption cutanée léger, transitoire et déjà en amélioration, sans signe d'alarme.",1 à 3 jours,P4,P3|P4,Dermatologie,Conseils / autosurveillance,"Symptôme bénin en amélioration, recours si persistance/aggravation."
B06-034,Ophtalmologie,Perte brutale de vision d'un œil depuis une heure.,Moins de 24 heures,P1,P1,Ophtalmologie|Médecine d’urgence,Urgences / évaluation immédiate,Perte visuelle aiguë monoculaire.
B06-035,Ophtalmologie,Œil rouge douloureux avec photophobie et vision un peu floue depuis ce matin.,1 à 3 jours,P2,P2,Ophtalmologie,Consultation médicale prioritaire,Œil rouge douloureux avec baisse visuelle.
B06-036,Ophtalmologie,"Yeux secs après plusieurs heures devant écran, vision normale et amélioration au repos.",1 à 3 jours,P4,P4,Ophtalmologie,Conseils / autosurveillance,Fatigue visuelle bénigne et réversible.
B06-037,ORL,"Enfant qui bave, ne peut plus avaler et fait un bruit aigu en inspirant.",Moins de 24 heures,P1,P1,ORL|Médecine d’urgence,Urgences / évaluation immédiate,Menace des voies aériennes supérieures.
B06-038,ORL,"Forte douleur de gorge, fièvre et voix étouffée mais respiration normale et déglutition possible.",1 à 3 jours,P2,P2,ORL,Consultation médicale prioritaire,Tableau ORL significatif sans obstruction respiratoire.
B06-039,ORL,"Oreille légèrement bouchée après piscine, sans douleur, fièvre ni écoulement.",1 à 3 jours,P4,P4,ORL,Conseils / autosurveillance,Symptôme bénin isolé après baignade.
B06-040,Dentisterie,Douleur dentaire avec gonflement du plancher de la bouche et difficulté à avaler.,Moins de 24 heures,P1,P1,Dentisterie|Médecine d’urgence,Urgences / évaluation immédiate,Infection odontogène avec risque d'extension profonde.
B06-041,Dentisterie,"Douleur dentaire forte avec joue légèrement gonflée, sans fièvre ni gêne respiratoire.",1 à 3 jours,P2,P2,Dentisterie,Consultation médicale prioritaire,Infection/abcès dentaire probable sans menace des voies aériennes.
B06-042,Dentisterie,"Sensibilité d'une dent au froid, uniquement quelques secondes, sans douleur spontanée.",Plus d'une semaine,P3,P3|P4,Dentisterie,Consultation non urgente / programmée,Symptôme dentaire non urgent.
B06-043,Gynécologie,symptômes pelviens récent avec aggravation nette ou retentissement important sur les activités.,1 à 3 jours,P2,P2|P3,Gynécologie-obstétrique,Consultation médicale prioritaire,Symptôme significatif sans danger immédiat clairement décrit.
B06-044,Gynécologie,"symptômes pelviens persistant mais stable depuis plusieurs semaines, sans signe d'alarme.",Plus d'une semaine,P3,P3,Gynécologie-obstétrique,Consultation non urgente / programmée,Problème persistant stable nécessitant consultation programmée.
B06-045,Gynécologie,"symptômes pelviens léger, transitoire et déjà en amélioration, sans signe d'alarme.",1 à 3 jours,P4,P3|P4,Gynécologie-obstétrique,Conseils / autosurveillance,"Symptôme bénin en amélioration, recours si persistance/aggravation."
B06-046,Obstétrique,"Enceinte de 34 semaines, gros mal de tête, points lumineux devant les yeux et douleur sous les côtes.",Moins de 24 heures,P1,P1,Gynécologie-obstétrique|Médecine d’urgence,Urgences / évaluation immédiate,Signes d'alerte obstétricaux pendant grossesse.
B06-047,Obstétrique,"Enceinte de 10 semaines, petit saignement vaginal avec crampes légères, sans malaise.",1 à 3 jours,P2,P2,Gynécologie-obstétrique,Consultation médicale prioritaire,Saignement précoce de grossesse nécessitant évaluation rapide.
B06-048,Obstétrique,"Enceinte de 22 semaines, brûlures d'estomac occasionnelles après les repas, sans douleur abdominale ni saignement.",1 à 3 jours,P4,P3|P4,Gynécologie-obstétrique,Conseils / autosurveillance,"Symptôme bénin fréquent, sans signe d'alerte."
B06-049,Pédiatrie,Enfant de 3 ans très difficile à réveiller depuis la fièvre de ce matin.,Moins de 24 heures,P1,P1,Pédiatrie|Médecine d’urgence,Urgences / évaluation immédiate,Altération importante de la conscience chez l'enfant.
B06-050,Pédiatrie,"Enfant de 4 ans avec fièvre, mange moins mais boit et joue encore.",1 à 3 jours,P2,P2|P3,Pédiatrie,Consultation médicale prioritaire,Enfant fébrile sans danger sign général.
B06-051,Pédiatrie,"Enfant de 7 ans avec rhume léger, actif, mange et boit normalement.",1 à 3 jours,P4,P4,Pédiatrie,Conseils / autosurveillance,Affection mineure sans signe de gravité.
B06-052,Néonatologie,Nouveau-né de 9 jours qui ne tète presque plus et respire avec de longues pauses.,Moins de 24 heures,P1,P1,Pédiatrie|Médecine d’urgence,Urgences / évaluation immédiate,Danger signs du nouveau-né : mauvaise alimentation et respiration anormale.
B06-053,Néonatologie,"Nouveau-né de 18 jours qui tète moins depuis aujourd'hui mais reste réveillable, température normale.",1 à 3 jours,P2,P2,Pédiatrie,Consultation médicale prioritaire,Modification de l'alimentation chez un nouveau-né nécessitant évaluation rapide.
B06-054,Néonatologie,"Nouveau-né de 3 semaines avec petits hoquets après les tétées, tète normalement et reste bien éveillé.",1 à 3 jours,P4,P4,Pédiatrie,Conseils / autosurveillance,"Symptôme bénin isolé, alimentation et comportement normaux."
B06-055,Gériatrie,déclin fonctionnel récent récent avec aggravation nette ou retentissement important sur les activités.,1 à 3 jours,P2,P2|P3,Médecin généraliste|Médecine interne,Consultation médicale prioritaire,Symptôme significatif sans danger immédiat clairement décrit.
B06-056,Gériatrie,"déclin fonctionnel récent persistant mais stable depuis plusieurs semaines, sans signe d'alarme.",Plus d'une semaine,P3,P3,Médecin généraliste|Médecine interne,Consultation non urgente / programmée,Problème persistant stable nécessitant consultation programmée.
B06-057,Gériatrie,"déclin fonctionnel récent léger, transitoire et déjà en amélioration, sans signe d'alarme.",1 à 3 jours,P4,P3|P4,Médecin généraliste|Médecine interne,Conseils / autosurveillance,"Symptôme bénin en amélioration, recours si persistance/aggravation."
B06-058,Psychiatrie,J'ai décidé de me suicider ce soir et j'ai déjà préparé les comprimés.,Moins de 24 heures,P1,P1,Psychiatrie|Médecine d’urgence,Urgences / évaluation immédiate,Risque suicidaire imminent avec plan et moyens.
B06-059,Psychiatrie,"Depuis une semaine je dors très peu, suis très agité et dépense beaucoup, sans idée de suicide ni violence.",1 à 3 jours,P2,P2,Psychiatrie,Consultation médicale prioritaire,Épisode psychiatrique aigu nécessitant évaluation rapide.
B06-060,Psychiatrie,"Anxiété quotidienne depuis un mois, sommeil perturbé, mais aucune idée suicidaire.",Plus d'une semaine,P3,P3,Psychiatrie,Consultation non urgente / programmée,Trouble anxieux persistant sans danger immédiat.
B06-061,Addictologie,symptômes de sevrage récent avec aggravation nette ou retentissement important sur les activités.,1 à 3 jours,P2,P2|P3,Psychiatrie|Addictologie,Consultation médicale prioritaire,Symptôme significatif sans danger immédiat clairement décrit.
B06-062,Addictologie,"symptômes de sevrage persistant mais stable depuis plusieurs semaines, sans signe d'alarme.",Plus d'une semaine,P3,P3,Psychiatrie|Addictologie,Consultation non urgente / programmée,Problème persistant stable nécessitant consultation programmée.
B06-063,Addictologie,"symptômes de sevrage léger, transitoire et déjà en amélioration, sans signe d'alarme.",1 à 3 jours,P4,P3|P4,Psychiatrie|Addictologie,Conseils / autosurveillance,"Symptôme bénin en amélioration, recours si persistance/aggravation."
B06-064,Hématologie,fatigue et pâleur récent avec aggravation nette ou retentissement important sur les activités.,1 à 3 jours,P2,P2|P3,Hématologie,Consultation médicale prioritaire,Symptôme significatif sans danger immédiat clairement décrit.
B06-065,Hématologie,"fatigue et pâleur persistant mais stable depuis plusieurs semaines, sans signe d'alarme.",Plus d'une semaine,P3,P3,Hématologie,Consultation non urgente / programmée,Problème persistant stable nécessitant consultation programmée.
B06-066,Hématologie,"fatigue et pâleur léger, transitoire et déjà en amélioration, sans signe d'alarme.",1 à 3 jours,P4,P3|P4,Hématologie,Conseils / autosurveillance,"Symptôme bénin en amélioration, recours si persistance/aggravation."
B06-067,Oncologie,amaigrissement ou masse récent avec aggravation nette ou retentissement important sur les activités.,1 à 3 jours,P2,P2|P3,Oncologie|Médecine interne,Consultation médicale prioritaire,Symptôme significatif sans danger immédiat clairement décrit.
B06-068,Oncologie,"amaigrissement ou masse persistant mais stable depuis plusieurs semaines, sans signe d'alarme.",Plus d'une semaine,P3,P3,Oncologie|Médecine interne,Consultation non urgente / programmée,Problème persistant stable nécessitant consultation programmée.
B06-069,Oncologie,"amaigrissement ou masse léger, transitoire et déjà en amélioration, sans signe d'alarme.",1 à 3 jours,P4,P3|P4,Oncologie|Médecine interne,Conseils / autosurveillance,"Symptôme bénin en amélioration, recours si persistance/aggravation."
B06-070,Infectiologie,"fièvre avec confusion, faiblesse majeure ou impossibilité de boire.",Moins de 24 heures,P1,P1,Infectiologie|Médecine d’urgence,Urgences / évaluation immédiate,Infection avec signe de gravité systémique.
B06-071,Infectiologie,"fièvre depuis deux jours, état général altéré mais patient conscient et capable de boire.",1 à 3 jours,P2,P2,Infectiologie,Consultation médicale prioritaire,Infection symptomatique nécessitant évaluation rapide.
B06-072,Infectiologie,"fièvre léger et stable, sans signe de gravité, depuis plusieurs jours.",Plus d'une semaine,P3,P3|P4,Infectiologie,Consultation non urgente / programmée,Tableau léger/stable sans danger sign.
B06-073,Médecine tropicale,"fièvre après exposition tropicale avec confusion, faiblesse majeure ou impossibilité de boire.",Moins de 24 heures,P1,P1,Médecine tropicale|Médecine d’urgence,Urgences / évaluation immédiate,Infection avec signe de gravité systémique.
B06-074,Médecine tropicale,"fièvre après exposition tropicale depuis deux jours, état général altéré mais patient conscient et capable de boire.",1 à 3 jours,P2,P2,Médecine tropicale,Consultation médicale prioritaire,Infection symptomatique nécessitant évaluation rapide.
B06-075,Médecine tropicale,"fièvre après exposition tropicale léger et stable, sans signe de gravité, depuis plusieurs jours.",Plus d'une semaine,P3,P3|P4,Médecine tropicale,Consultation non urgente / programmée,Tableau léger/stable sans danger sign.
B06-076,Parasitologie,"symptômes digestifs parasitaires avec confusion, faiblesse majeure ou impossibilité de boire.",Moins de 24 heures,P1,P1,Médecine tropicale|Infectiologie|Médecine d’urgence,Urgences / évaluation immédiate,Infection avec signe de gravité systémique.
B06-077,Parasitologie,"symptômes digestifs parasitaires depuis deux jours, état général altéré mais patient conscient et capable de boire.",1 à 3 jours,P2,P2,Médecine tropicale|Infectiologie,Consultation médicale prioritaire,Infection symptomatique nécessitant évaluation rapide.
B06-078,Parasitologie,"symptômes digestifs parasitaires léger et stable, sans signe de gravité, depuis plusieurs jours.",Plus d'une semaine,P3,P3|P4,Médecine tropicale|Infectiologie,Consultation non urgente / programmée,Tableau léger/stable sans danger sign.
B06-079,Toxicologie,Enfant de 4 ans ayant avalé du pesticide il y a 20 minutes.,Moins de 24 heures,P1,P1,Toxicologie|Médecine d’urgence,Urgences / évaluation immédiate,Ingestion toxique aiguë chez un enfant.
B06-080,Toxicologie,"Adulte exposé à un produit chimique avec nausées et irritation oculaire, respiration normale.",1 à 3 jours,P2,P2,Toxicologie,Consultation médicale prioritaire,Exposition toxique symptomatique sans détresse.
B06-081,Toxicologie,"Irritation légère des mains après contact bref avec un détergent, déjà rincées et en amélioration.",1 à 3 jours,P4,P4,Toxicologie,Conseils / autosurveillance,Exposition cutanée mineure en amélioration.
B06-082,Allergologie,"Après avoir mangé, langue gonflée, voix modifiée et difficulté à respirer.",Moins de 24 heures,P1,P1,Allergologie|Médecine d’urgence,Urgences / évaluation immédiate,Anaphylaxie possible avec atteinte des voies aériennes.
B06-083,Allergologie,"Plaques d'urticaire diffuses après un aliment, sans gonflement du visage ni gêne respiratoire.",1 à 3 jours,P2,P2|P3,Allergologie,Consultation médicale prioritaire,Réaction allergique cutanée sans anaphylaxie.
B06-084,Allergologie,"Éternuements et nez qui coule seulement avec poussière, sans gêne respiratoire.",Plus d'une semaine,P3,P3|P4,Allergologie,Consultation non urgente / programmée,Rhinite allergique stable.
B06-085,Immunologie,infections répétées récent avec aggravation nette ou retentissement important sur les activités.,1 à 3 jours,P2,P2|P3,Immunologie|Médecine interne,Consultation médicale prioritaire,Symptôme significatif sans danger immédiat clairement décrit.
B06-086,Immunologie,"infections répétées persistant mais stable depuis plusieurs semaines, sans signe d'alarme.",Plus d'une semaine,P3,P3,Immunologie|Médecine interne,Consultation non urgente / programmée,Problème persistant stable nécessitant consultation programmée.
B06-087,Immunologie,"infections répétées léger, transitoire et déjà en amélioration, sans signe d'alarme.",1 à 3 jours,P4,P3|P4,Immunologie|Médecine interne,Conseils / autosurveillance,"Symptôme bénin en amélioration, recours si persistance/aggravation."
B06-088,Médecine d’urgence,malaise aigu d'apparition aiguë avec altération importante de l'état général.,Moins de 24 heures,P1,P1,Médecine d’urgence,Urgences / évaluation immédiate,Tableau aigu à potentiel critique.
B06-089,Médecine d’urgence,"malaise aigu récent et significatif, sans signe de détresse immédiate.",1 à 3 jours,P2,P2,Médecine d’urgence,Consultation médicale prioritaire,Tableau aigu nécessitant évaluation prioritaire.
B06-090,Médecine d’urgence,"malaise aigu stable, connu, sans aggravation depuis plusieurs semaines.",Plus d'une semaine,P3,P3,Médecine d’urgence,Consultation non urgente / programmée,Problème stable nécessitant suivi programmé.
B06-091,Traumatologie,traumatisme d'un membre récent avec aggravation nette ou retentissement important sur les activités.,1 à 3 jours,P2,P2|P3,Chirurgie orthopédique|Traumatologie,Consultation médicale prioritaire,Symptôme significatif sans danger immédiat clairement décrit.
B06-092,Traumatologie,"traumatisme d'un membre persistant mais stable depuis plusieurs semaines, sans signe d'alarme.",Plus d'une semaine,P3,P3,Chirurgie orthopédique|Traumatologie,Consultation non urgente / programmée,Problème persistant stable nécessitant consultation programmée.
B06-093,Traumatologie,"traumatisme d'un membre léger, transitoire et déjà en amélioration, sans signe d'alarme.",1 à 3 jours,P4,P3|P4,Chirurgie orthopédique|Traumatologie,Conseils / autosurveillance,"Symptôme bénin en amélioration, recours si persistance/aggravation."
B06-094,Orthopédie,douleur musculosquelettique récent avec aggravation nette ou retentissement important sur les activités.,1 à 3 jours,P2,P2|P3,Chirurgie orthopédique|Orthopédie,Consultation médicale prioritaire,Symptôme significatif sans danger immédiat clairement décrit.
B06-095,Orthopédie,"douleur musculosquelettique persistant mais stable depuis plusieurs semaines, sans signe d'alarme.",Plus d'une semaine,P3,P3,Chirurgie orthopédique|Orthopédie,Consultation non urgente / programmée,Problème persistant stable nécessitant consultation programmée.
B06-096,Orthopédie,"douleur musculosquelettique léger, transitoire et déjà en amélioration, sans signe d'alarme.",1 à 3 jours,P4,P3|P4,Chirurgie orthopédique|Orthopédie,Conseils / autosurveillance,"Symptôme bénin en amélioration, recours si persistance/aggravation."
B06-097,Chirurgie générale,douleur chirurgicale récent avec aggravation nette ou retentissement important sur les activités.,1 à 3 jours,P2,P2|P3,Chirurgie générale,Consultation médicale prioritaire,Symptôme significatif sans danger immédiat clairement décrit.
B06-098,Chirurgie générale,"douleur chirurgicale persistant mais stable depuis plusieurs semaines, sans signe d'alarme.",Plus d'une semaine,P3,P3,Chirurgie générale,Consultation non urgente / programmée,Problème persistant stable nécessitant consultation programmée.
B06-099,Chirurgie générale,"douleur chirurgicale léger, transitoire et déjà en amélioration, sans signe d'alarme.",1 à 3 jours,P4,P3|P4,Chirurgie générale,Conseils / autosurveillance,"Symptôme bénin en amélioration, recours si persistance/aggravation."
B06-100,Chirurgie vasculaire,ischémie ou thrombose d'un membre d'apparition aiguë avec altération importante de l'état général.,Moins de 24 heures,P1,P1,Chirurgie vasculaire|Médecine d’urgence,Urgences / évaluation immédiate,Tableau aigu à potentiel critique.
B06-101,Chirurgie vasculaire,"ischémie ou thrombose d'un membre récent et significatif, sans signe de détresse immédiate.",1 à 3 jours,P2,P2,Chirurgie vasculaire,Consultation médicale prioritaire,Tableau aigu nécessitant évaluation prioritaire.
B06-102,Chirurgie vasculaire,"ischémie ou thrombose d'un membre stable, connu, sans aggravation depuis plusieurs semaines.",Plus d'une semaine,P3,P3,Chirurgie vasculaire,Consultation non urgente / programmée,Problème stable nécessitant suivi programmé.
B06-103,Neurochirurgie,traumatisme crânien d'apparition aiguë avec altération importante de l'état général.,Moins de 24 heures,P1,P1,Neurochirurgie|Médecine d’urgence,Urgences / évaluation immédiate,Tableau aigu à potentiel critique.
B06-104,Neurochirurgie,"traumatisme crânien récent et significatif, sans signe de détresse immédiate.",1 à 3 jours,P2,P2,Neurochirurgie,Consultation médicale prioritaire,Tableau aigu nécessitant évaluation prioritaire.
B06-105,Neurochirurgie,"traumatisme crânien stable, connu, sans aggravation depuis plusieurs semaines.",Plus d'une semaine,P3,P3,Neurochirurgie,Consultation non urgente / programmée,Problème stable nécessitant suivi programmé.
B06-106,Chirurgie thoracique,traumatisme thoracique récent avec aggravation nette ou retentissement important sur les activités.,1 à 3 jours,P2,P2|P3,Chirurgie thoracique,Consultation médicale prioritaire,Symptôme significatif sans danger immédiat clairement décrit.
B06-107,Chirurgie thoracique,"traumatisme thoracique persistant mais stable depuis plusieurs semaines, sans signe d'alarme.",Plus d'une semaine,P3,P3,Chirurgie thoracique,Consultation non urgente / programmée,Problème persistant stable nécessitant consultation programmée.
B06-108,Chirurgie thoracique,"traumatisme thoracique léger, transitoire et déjà en amélioration, sans signe d'alarme.",1 à 3 jours,P4,P3|P4,Chirurgie thoracique,Conseils / autosurveillance,"Symptôme bénin en amélioration, recours si persistance/aggravation."
B06-109,Chirurgie digestive,douleur abdominale chirurgicale récent avec aggravation nette ou retentissement important sur les activités.,1 à 3 jours,P2,P2|P3,Chirurgie digestive,Consultation médicale prioritaire,Symptôme significatif sans danger immédiat clairement décrit.
B06-110,Chirurgie digestive,"douleur abdominale chirurgicale persistant mais stable depuis plusieurs semaines, sans signe d'alarme.",Plus d'une semaine,P3,P3,Chirurgie digestive,Consultation non urgente / programmée,Problème persistant stable nécessitant consultation programmée.
B06-111,Chirurgie digestive,"douleur abdominale chirurgicale léger, transitoire et déjà en amélioration, sans signe d'alarme.",1 à 3 jours,P4,P3|P4,Chirurgie digestive,Conseils / autosurveillance,"Symptôme bénin en amélioration, recours si persistance/aggravation."
B06-112,Chirurgie pédiatrique,douleur abdominale chez l'enfant récent avec aggravation nette ou retentissement important sur les activités.,1 à 3 jours,P2,P2|P3,Chirurgie pédiatrique|Pédiatrie,Consultation médicale prioritaire,Symptôme significatif sans danger immédiat clairement décrit.
B06-113,Chirurgie pédiatrique,"douleur abdominale chez l'enfant persistant mais stable depuis plusieurs semaines, sans signe d'alarme.",Plus d'une semaine,P3,P3,Chirurgie pédiatrique|Pédiatrie,Consultation non urgente / programmée,Problème persistant stable nécessitant consultation programmée.
B06-114,Chirurgie pédiatrique,"douleur abdominale chez l'enfant léger, transitoire et déjà en amélioration, sans signe d'alarme.",1 à 3 jours,P4,P3|P4,Chirurgie pédiatrique|Pédiatrie,Conseils / autosurveillance,"Symptôme bénin en amélioration, recours si persistance/aggravation."
B06-115,Chirurgie maxillo-faciale,traumatisme facial récent avec aggravation nette ou retentissement important sur les activités.,1 à 3 jours,P2,P2|P3,Chirurgie maxillo-faciale|Dentisterie,Consultation médicale prioritaire,Symptôme significatif sans danger immédiat clairement décrit.
B06-116,Chirurgie maxillo-faciale,"traumatisme facial persistant mais stable depuis plusieurs semaines, sans signe d'alarme.",Plus d'une semaine,P3,P3,Chirurgie maxillo-faciale|Dentisterie,Consultation non urgente / programmée,Problème persistant stable nécessitant consultation programmée.
B06-117,Chirurgie maxillo-faciale,"traumatisme facial léger, transitoire et déjà en amélioration, sans signe d'alarme.",1 à 3 jours,P4,P3|P4,Chirurgie maxillo-faciale|Dentisterie,Conseils / autosurveillance,"Symptôme bénin en amélioration, recours si persistance/aggravation."
B06-118,Médecine interne,symptômes multisystémiques récent avec aggravation nette ou retentissement important sur les activités.,1 à 3 jours,P2,P2|P3,Médecine interne,Consultation médicale prioritaire,Symptôme significatif sans danger immédiat clairement décrit.
B06-119,Médecine interne,"symptômes multisystémiques persistant mais stable depuis plusieurs semaines, sans signe d'alarme.",Plus d'une semaine,P3,P3,Médecine interne,Consultation non urgente / programmée,Problème persistant stable nécessitant consultation programmée.
B06-120,Médecine interne,"symptômes multisystémiques léger, transitoire et déjà en amélioration, sans signe d'alarme.",1 à 3 jours,P4,P3|P4,Médecine interne,Conseils / autosurveillance,"Symptôme bénin en amélioration, recours si persistance/aggravation."
B06-121,Médecin généraliste,symptômes généraux récent avec aggravation nette ou retentissement important sur les activités.,1 à 3 jours,P2,P2|P3,Médecin généraliste,Consultation médicale prioritaire,Symptôme significatif sans danger immédiat clairement décrit.
B06-122,Médecin généraliste,"symptômes généraux persistant mais stable depuis plusieurs semaines, sans signe d'alarme.",Plus d'une semaine,P3,P3,Médecin généraliste,Consultation non urgente / programmée,Problème persistant stable nécessitant consultation programmée.
B06-123,Médecin généraliste,"symptômes généraux léger, transitoire et déjà en amélioration, sans signe d'alarme.",1 à 3 jours,P4,P3|P4,Médecin généraliste,Conseils / autosurveillance,"Symptôme bénin en amélioration, recours si persistance/aggravation."
B06-124,Médecine du travail,symptômes liés au travail récent avec aggravation nette ou retentissement important sur les activités.,1 à 3 jours,P2,P2|P3,Médecine du travail|Médecin généraliste,Consultation médicale prioritaire,Symptôme significatif sans danger immédiat clairement décrit.
B06-125,Médecine du travail,"symptômes liés au travail persistant mais stable depuis plusieurs semaines, sans signe d'alarme.",Plus d'une semaine,P3,P3,Médecine du travail|Médecin généraliste,Consultation non urgente / programmée,Problème persistant stable nécessitant consultation programmée.
B06-126,Médecine du travail,"symptômes liés au travail léger, transitoire et déjà en amélioration, sans signe d'alarme.",1 à 3 jours,P4,P3|P4,Médecine du travail|Médecin généraliste,Conseils / autosurveillance,"Symptôme bénin en amélioration, recours si persistance/aggravation."
B06-127,Médecine du sport,blessure sportive récent avec aggravation nette ou retentissement important sur les activités.,1 à 3 jours,P2,P2|P3,Médecine du sport|Orthopédie,Consultation médicale prioritaire,Symptôme significatif sans danger immédiat clairement décrit.
B06-128,Médecine du sport,"blessure sportive persistant mais stable depuis plusieurs semaines, sans signe d'alarme.",Plus d'une semaine,P3,P3,Médecine du sport|Orthopédie,Consultation non urgente / programmée,Problème persistant stable nécessitant consultation programmée.
B06-129,Médecine du sport,"blessure sportive léger, transitoire et déjà en amélioration, sans signe d'alarme.",1 à 3 jours,P4,P3|P4,Médecine du sport|Orthopédie,Conseils / autosurveillance,"Symptôme bénin en amélioration, recours si persistance/aggravation."
B06-130,Médecine physique et réadaptation,limitation fonctionnelle récent avec aggravation nette ou retentissement important sur les activités.,1 à 3 jours,P2,P2|P3,Médecine physique et réadaptation,Consultation médicale prioritaire,Symptôme significatif sans danger immédiat clairement décrit.
B06-131,Médecine physique et réadaptation,"limitation fonctionnelle persistant mais stable depuis plusieurs semaines, sans signe d'alarme.",Plus d'une semaine,P3,P3,Médecine physique et réadaptation,Consultation non urgente / programmée,Problème persistant stable nécessitant consultation programmée.
B06-132,Médecine physique et réadaptation,"limitation fonctionnelle léger, transitoire et déjà en amélioration, sans signe d'alarme.",1 à 3 jours,P4,P3|P4,Médecine physique et réadaptation,Conseils / autosurveillance,"Symptôme bénin en amélioration, recours si persistance/aggravation."
B06-133,Soins palliatifs,symptômes d'une maladie avancée récent avec aggravation nette ou retentissement important sur les activités.,1 à 3 jours,P2,P2|P3,Soins palliatifs|Médecin généraliste,Consultation médicale prioritaire,Symptôme significatif sans danger immédiat clairement décrit.
B06-134,Soins palliatifs,"symptômes d'une maladie avancée persistant mais stable depuis plusieurs semaines, sans signe d'alarme.",Plus d'une semaine,P3,P3,Soins palliatifs|Médecin généraliste,Consultation non urgente / programmée,Problème persistant stable nécessitant consultation programmée.
B06-135,Soins palliatifs,"symptômes d'une maladie avancée léger, transitoire et déjà en amélioration, sans signe d'alarme.",1 à 3 jours,P4,P3|P4,Soins palliatifs|Médecin généraliste,Conseils / autosurveillance,"Symptôme bénin en amélioration, recours si persistance/aggravation."
B06-136,Nutrition,perte de poids ou apport insuffisant récent avec aggravation nette ou retentissement important sur les activités.,1 à 3 jours,P2,P2|P3,Nutrition|Médecin généraliste,Consultation médicale prioritaire,Symptôme significatif sans danger immédiat clairement décrit.
B06-137,Nutrition,"perte de poids ou apport insuffisant persistant mais stable depuis plusieurs semaines, sans signe d'alarme.",Plus d'une semaine,P3,P3,Nutrition|Médecin généraliste,Consultation non urgente / programmée,Problème persistant stable nécessitant consultation programmée.
B06-138,Nutrition,"perte de poids ou apport insuffisant léger, transitoire et déjà en amélioration, sans signe d'alarme.",1 à 3 jours,P4,P3|P4,Nutrition|Médecin généraliste,Conseils / autosurveillance,"Symptôme bénin en amélioration, recours si persistance/aggravation."
B06-139,Maladies métaboliques,symptômes métaboliques récent avec aggravation nette ou retentissement important sur les activités.,1 à 3 jours,P2,P2|P3,Endocrinologie|Médecine interne,Consultation médicale prioritaire,Symptôme significatif sans danger immédiat clairement décrit.
B06-140,Maladies métaboliques,"symptômes métaboliques persistant mais stable depuis plusieurs semaines, sans signe d'alarme.",Plus d'une semaine,P3,P3,Endocrinologie|Médecine interne,Consultation non urgente / programmée,Problème persistant stable nécessitant consultation programmée.
B06-141,Maladies métaboliques,"symptômes métaboliques léger, transitoire et déjà en amélioration, sans signe d'alarme.",1 à 3 jours,P4,P3|P4,Endocrinologie|Médecine interne,Conseils / autosurveillance,"Symptôme bénin en amélioration, recours si persistance/aggravation."
B06-142,Hypertension artérielle,pression artérielle élevée récent avec aggravation nette ou retentissement important sur les activités.,1 à 3 jours,P2,P2|P3,Cardiologie|Médecine interne|Médecin généraliste,Consultation médicale prioritaire,Symptôme significatif sans danger immédiat clairement décrit.
B06-143,Hypertension artérielle,"pression artérielle élevée persistant mais stable depuis plusieurs semaines, sans signe d'alarme.",Plus d'une semaine,P3,P3,Cardiologie|Médecine interne|Médecin généraliste,Consultation non urgente / programmée,Problème persistant stable nécessitant consultation programmée.
B06-144,Hypertension artérielle,"pression artérielle élevée léger, transitoire et déjà en amélioration, sans signe d'alarme.",1 à 3 jours,P4,P3|P4,Cardiologie|Médecine interne|Médecin généraliste,Conseils / autosurveillance,"Symptôme bénin en amélioration, recours si persistance/aggravation."
B06-145,Troubles du rythme,palpitations récent avec aggravation nette ou retentissement important sur les activités.,1 à 3 jours,P2,P2|P3,Cardiologie,Consultation médicale prioritaire,Symptôme significatif sans danger immédiat clairement décrit.
B06-146,Troubles du rythme,"palpitations persistant mais stable depuis plusieurs semaines, sans signe d'alarme.",Plus d'une semaine,P3,P3,Cardiologie,Consultation non urgente / programmée,Problème persistant stable nécessitant consultation programmée.
B06-147,Troubles du rythme,"palpitations léger, transitoire et déjà en amélioration, sans signe d'alarme.",1 à 3 jours,P4,P3|P4,Cardiologie,Conseils / autosurveillance,"Symptôme bénin en amélioration, recours si persistance/aggravation."
B06-148,Insuffisance cardiaque,dyspnée et œdèmes récent avec aggravation nette ou retentissement important sur les activités.,1 à 3 jours,P2,P2|P3,Cardiologie|Médecine interne,Consultation médicale prioritaire,Symptôme significatif sans danger immédiat clairement décrit.
B06-149,Insuffisance cardiaque,"dyspnée et œdèmes persistant mais stable depuis plusieurs semaines, sans signe d'alarme.",Plus d'une semaine,P3,P3,Cardiologie|Médecine interne,Consultation non urgente / programmée,Problème persistant stable nécessitant consultation programmée.
B06-150,Insuffisance cardiaque,"dyspnée et œdèmes léger, transitoire et déjà en amélioration, sans signe d'alarme.",1 à 3 jours,P4,P3|P4,Cardiologie|Médecine interne,Conseils / autosurveillance,"Symptôme bénin en amélioration, recours si persistance/aggravation."
B06-151,Maladie coronarienne,douleur thoracique d'effort récent avec aggravation nette ou retentissement important sur les activités.,1 à 3 jours,P2,P2|P3,Cardiologie,Consultation médicale prioritaire,Symptôme significatif sans danger immédiat clairement décrit.
B06-152,Maladie coronarienne,"douleur thoracique d'effort persistant mais stable depuis plusieurs semaines, sans signe d'alarme.",Plus d'une semaine,P3,P3,Cardiologie,Consultation non urgente / programmée,Problème persistant stable nécessitant consultation programmée.
B06-153,Maladie coronarienne,"douleur thoracique d'effort léger, transitoire et déjà en amélioration, sans signe d'alarme.",1 à 3 jours,P4,P3|P4,Cardiologie,Conseils / autosurveillance,"Symptôme bénin en amélioration, recours si persistance/aggravation."
B06-154,Maladies cérébrovasculaires,"Visage dévié, faiblesse d'un côté et parole difficile apparus il y a 20 minutes.",Moins de 24 heures,P1,P1,Neurologie|Médecine d’urgence,Urgences / évaluation immédiate,Signes focaux brutaux compatibles avec AVC.
B06-155,Maladies cérébrovasculaires,Épisode de faiblesse d'un bras et trouble de parole ayant duré 10 minutes puis disparu.,Moins de 24 heures,P1,P1|P2,Neurologie|Médecine d’urgence,Urgences / évaluation immédiate,AIT possible nécessitant évaluation urgente.
B06-156,Maladies cérébrovasculaires,"Suivi après ancien AVC, symptômes stables depuis plusieurs mois, aucune aggravation récente.",Plus d'une semaine,P3,P3,Neurologie,Consultation non urgente / programmée,Suivi chronique stable.
B06-157,Épileptologie,Deux convulsions rapprochées aujourd'hui sans récupération complète entre les crises.,Moins de 24 heures,P1,P1,Neurologie|Médecine d’urgence,Urgences / évaluation immédiate,Crises répétées avec récupération incomplète.
B06-158,Épileptologie,"Première crise convulsive hier, actuellement complètement réveillé et sans nouveau symptôme.",1 à 3 jours,P2,P2,Neurologie,Consultation médicale prioritaire,Première crise nécessitant évaluation rapide.
B06-159,Épileptologie,"Épilepsie connue, aucun épisode depuis six mois, demande de suivi.",Plus d'une semaine,P3,P3,Neurologie,Consultation non urgente / programmée,Suivi programmé d'épilepsie stable.
B06-160,Céphalées,céphalée récent avec aggravation nette ou retentissement important sur les activités.,1 à 3 jours,P2,P2|P3,Neurologie|Médecin généraliste,Consultation médicale prioritaire,Symptôme significatif sans danger immédiat clairement décrit.
B06-161,Céphalées,"céphalée persistant mais stable depuis plusieurs semaines, sans signe d'alarme.",Plus d'une semaine,P3,P3,Neurologie|Médecin généraliste,Consultation non urgente / programmée,Problème persistant stable nécessitant consultation programmée.
B06-162,Céphalées,"céphalée léger, transitoire et déjà en amélioration, sans signe d'alarme.",1 à 3 jours,P4,P3|P4,Neurologie|Médecin généraliste,Conseils / autosurveillance,"Symptôme bénin en amélioration, recours si persistance/aggravation."
B06-163,Troubles neuromusculaires,faiblesse musculaire récent avec aggravation nette ou retentissement important sur les activités.,1 à 3 jours,P2,P2|P3,Neurologie,Consultation médicale prioritaire,Symptôme significatif sans danger immédiat clairement décrit.
B06-164,Troubles neuromusculaires,"faiblesse musculaire persistant mais stable depuis plusieurs semaines, sans signe d'alarme.",Plus d'une semaine,P3,P3,Neurologie,Consultation non urgente / programmée,Problème persistant stable nécessitant consultation programmée.
B06-165,Troubles neuromusculaires,"faiblesse musculaire léger, transitoire et déjà en amélioration, sans signe d'alarme.",1 à 3 jours,P4,P3|P4,Neurologie,Conseils / autosurveillance,"Symptôme bénin en amélioration, recours si persistance/aggravation."
B06-166,Pneumologie infectieuse,toux et fièvre récent avec aggravation nette ou retentissement important sur les activités.,1 à 3 jours,P2,P2|P3,Pneumologie|Infectiologie,Consultation médicale prioritaire,Symptôme significatif sans danger immédiat clairement décrit.
B06-167,Pneumologie infectieuse,"toux et fièvre persistant mais stable depuis plusieurs semaines, sans signe d'alarme.",Plus d'une semaine,P3,P3,Pneumologie|Infectiologie,Consultation non urgente / programmée,Problème persistant stable nécessitant consultation programmée.
B06-168,Pneumologie infectieuse,"toux et fièvre léger, transitoire et déjà en amélioration, sans signe d'alarme.",1 à 3 jours,P4,P3|P4,Pneumologie|Infectiologie,Conseils / autosurveillance,"Symptôme bénin en amélioration, recours si persistance/aggravation."
B06-169,Asthme,sifflements et oppression récent avec aggravation nette ou retentissement important sur les activités.,1 à 3 jours,P2,P2|P3,Pneumologie,Consultation médicale prioritaire,Symptôme significatif sans danger immédiat clairement décrit.
B06-170,Asthme,"sifflements et oppression persistant mais stable depuis plusieurs semaines, sans signe d'alarme.",Plus d'une semaine,P3,P3,Pneumologie,Consultation non urgente / programmée,Problème persistant stable nécessitant consultation programmée.
B06-171,Asthme,"sifflements et oppression léger, transitoire et déjà en amélioration, sans signe d'alarme.",1 à 3 jours,P4,P3|P4,Pneumologie,Conseils / autosurveillance,"Symptôme bénin en amélioration, recours si persistance/aggravation."
B06-172,BPCO,aggravation respiratoire chronique récent avec aggravation nette ou retentissement important sur les activités.,1 à 3 jours,P2,P2|P3,Pneumologie,Consultation médicale prioritaire,Symptôme significatif sans danger immédiat clairement décrit.
B06-173,BPCO,"aggravation respiratoire chronique persistant mais stable depuis plusieurs semaines, sans signe d'alarme.",Plus d'une semaine,P3,P3,Pneumologie,Consultation non urgente / programmée,Problème persistant stable nécessitant consultation programmée.
B06-174,BPCO,"aggravation respiratoire chronique léger, transitoire et déjà en amélioration, sans signe d'alarme.",1 à 3 jours,P4,P3|P4,Pneumologie,Conseils / autosurveillance,"Symptôme bénin en amélioration, recours si persistance/aggravation."
B06-175,Tuberculose,"toux prolongée avec confusion, faiblesse majeure ou impossibilité de boire.",Moins de 24 heures,P1,P1,Pneumologie|Infectiologie|Médecine d’urgence,Urgences / évaluation immédiate,Infection avec signe de gravité systémique.
B06-176,Tuberculose,"toux prolongée depuis deux jours, état général altéré mais patient conscient et capable de boire.",1 à 3 jours,P2,P2,Pneumologie|Infectiologie,Consultation médicale prioritaire,Infection symptomatique nécessitant évaluation rapide.
B06-177,Tuberculose,"toux prolongée léger et stable, sans signe de gravité, depuis plusieurs jours.",Plus d'une semaine,P3,P3|P4,Pneumologie|Infectiologie,Consultation non urgente / programmée,Tableau léger/stable sans danger sign.
B06-178,Pathologies pleurales,douleur pleurale récent avec aggravation nette ou retentissement important sur les activités.,1 à 3 jours,P2,P2|P3,Pneumologie,Consultation médicale prioritaire,Symptôme significatif sans danger immédiat clairement décrit.
B06-179,Pathologies pleurales,"douleur pleurale persistant mais stable depuis plusieurs semaines, sans signe d'alarme.",Plus d'une semaine,P3,P3,Pneumologie,Consultation non urgente / programmée,Problème persistant stable nécessitant consultation programmée.
B06-180,Pathologies pleurales,"douleur pleurale léger, transitoire et déjà en amélioration, sans signe d'alarme.",1 à 3 jours,P4,P3|P4,Pneumologie,Conseils / autosurveillance,"Symptôme bénin en amélioration, recours si persistance/aggravation."
B06-181,Maladies diarrhéiques,diarrhée récent avec aggravation nette ou retentissement important sur les activités.,1 à 3 jours,P2,P2|P3,Gastro-entérologie|Infectiologie|Médecin généraliste,Consultation médicale prioritaire,Symptôme significatif sans danger immédiat clairement décrit.
B06-182,Maladies diarrhéiques,"diarrhée persistant mais stable depuis plusieurs semaines, sans signe d'alarme.",Plus d'une semaine,P3,P3,Gastro-entérologie|Infectiologie|Médecin généraliste,Consultation non urgente / programmée,Problème persistant stable nécessitant consultation programmée.
B06-183,Maladies diarrhéiques,"diarrhée léger, transitoire et déjà en amélioration, sans signe d'alarme.",1 à 3 jours,P4,P3|P4,Gastro-entérologie|Infectiologie|Médecin généraliste,Conseils / autosurveillance,"Symptôme bénin en amélioration, recours si persistance/aggravation."
B06-184,Maladies inflammatoires intestinales,diarrhée chronique récent avec aggravation nette ou retentissement important sur les activités.,1 à 3 jours,P2,P2|P3,Gastro-entérologie,Consultation médicale prioritaire,Symptôme significatif sans danger immédiat clairement décrit.
B06-185,Maladies inflammatoires intestinales,"diarrhée chronique persistant mais stable depuis plusieurs semaines, sans signe d'alarme.",Plus d'une semaine,P3,P3,Gastro-entérologie,Consultation non urgente / programmée,Problème persistant stable nécessitant consultation programmée.
B06-186,Maladies inflammatoires intestinales,"diarrhée chronique léger, transitoire et déjà en amélioration, sans signe d'alarme.",1 à 3 jours,P4,P3|P4,Gastro-entérologie,Conseils / autosurveillance,"Symptôme bénin en amélioration, recours si persistance/aggravation."
B06-187,Pathologie biliaire,douleur de l'hypochondre droit récent avec aggravation nette ou retentissement important sur les activités.,1 à 3 jours,P2,P2|P3,Gastro-entérologie|Chirurgie générale,Consultation médicale prioritaire,Symptôme significatif sans danger immédiat clairement décrit.
B06-188,Pathologie biliaire,"douleur de l'hypochondre droit persistant mais stable depuis plusieurs semaines, sans signe d'alarme.",Plus d'une semaine,P3,P3,Gastro-entérologie|Chirurgie générale,Consultation non urgente / programmée,Problème persistant stable nécessitant consultation programmée.
B06-189,Pathologie biliaire,"douleur de l'hypochondre droit léger, transitoire et déjà en amélioration, sans signe d'alarme.",1 à 3 jours,P4,P3|P4,Gastro-entérologie|Chirurgie générale,Conseils / autosurveillance,"Symptôme bénin en amélioration, recours si persistance/aggravation."
B06-190,Insuffisance rénale,baisse de la fonction rénale récent avec aggravation nette ou retentissement important sur les activités.,1 à 3 jours,P2,P2|P3,Néphrologie|Médecine interne,Consultation médicale prioritaire,Symptôme significatif sans danger immédiat clairement décrit.
B06-191,Insuffisance rénale,"baisse de la fonction rénale persistant mais stable depuis plusieurs semaines, sans signe d'alarme.",Plus d'une semaine,P3,P3,Néphrologie|Médecine interne,Consultation non urgente / programmée,Problème persistant stable nécessitant consultation programmée.
B06-192,Insuffisance rénale,"baisse de la fonction rénale léger, transitoire et déjà en amélioration, sans signe d'alarme.",1 à 3 jours,P4,P3|P4,Néphrologie|Médecine interne,Conseils / autosurveillance,"Symptôme bénin en amélioration, recours si persistance/aggravation."
B06-193,Infections urinaires,brûlures urinaires récent avec aggravation nette ou retentissement important sur les activités.,1 à 3 jours,P2,P2|P3,Urologie|Médecin généraliste,Consultation médicale prioritaire,Symptôme significatif sans danger immédiat clairement décrit.
B06-194,Infections urinaires,"brûlures urinaires persistant mais stable depuis plusieurs semaines, sans signe d'alarme.",Plus d'une semaine,P3,P3,Urologie|Médecin généraliste,Consultation non urgente / programmée,Problème persistant stable nécessitant consultation programmée.
B06-195,Infections urinaires,"brûlures urinaires léger, transitoire et déjà en amélioration, sans signe d'alarme.",1 à 3 jours,P4,P3|P4,Urologie|Médecin généraliste,Conseils / autosurveillance,"Symptôme bénin en amélioration, recours si persistance/aggravation."
B06-196,Santé sexuelle,symptômes après rapport sexuel récent avec aggravation nette ou retentissement important sur les activités.,1 à 3 jours,P2,P2|P3,Gynécologie-obstétrique|Urologie|Infectiologie,Consultation médicale prioritaire,Symptôme significatif sans danger immédiat clairement décrit.
B06-197,Santé sexuelle,"symptômes après rapport sexuel persistant mais stable depuis plusieurs semaines, sans signe d'alarme.",Plus d'une semaine,P3,P3,Gynécologie-obstétrique|Urologie|Infectiologie,Consultation non urgente / programmée,Problème persistant stable nécessitant consultation programmée.
B06-198,Santé sexuelle,"symptômes après rapport sexuel léger, transitoire et déjà en amélioration, sans signe d'alarme.",1 à 3 jours,P4,P3|P4,Gynécologie-obstétrique|Urologie|Infectiologie,Conseils / autosurveillance,"Symptôme bénin en amélioration, recours si persistance/aggravation."
B06-199,Infertilité,difficulté à concevoir récent avec aggravation nette ou retentissement important sur les activités.,1 à 3 jours,P2,P2|P3,Gynécologie-obstétrique|Urologie,Consultation médicale prioritaire,Symptôme significatif sans danger immédiat clairement décrit.
B06-200,Infertilité,"difficulté à concevoir persistant mais stable depuis plusieurs semaines, sans signe d'alarme.",Plus d'une semaine,P3,P3,Gynécologie-obstétrique|Urologie,Consultation non urgente / programmée,Problème persistant stable nécessitant consultation programmée.
B06-201,Infertilité,"difficulté à concevoir léger, transitoire et déjà en amélioration, sans signe d'alarme.",1 à 3 jours,P4,P3|P4,Gynécologie-obstétrique|Urologie,Conseils / autosurveillance,"Symptôme bénin en amélioration, recours si persistance/aggravation."
B06-202,Grossesse à risque,signes d'alerte pendant grossesse d'apparition aiguë avec altération importante de l'état général.,Moins de 24 heures,P1,P1,Gynécologie-obstétrique|Médecine d’urgence,Urgences / évaluation immédiate,Tableau aigu à potentiel critique.
B06-203,Grossesse à risque,"signes d'alerte pendant grossesse récent et significatif, sans signe de détresse immédiate.",1 à 3 jours,P2,P2,Gynécologie-obstétrique,Consultation médicale prioritaire,Tableau aigu nécessitant évaluation prioritaire.
B06-204,Grossesse à risque,"signes d'alerte pendant grossesse stable, connu, sans aggravation depuis plusieurs semaines.",Plus d'une semaine,P3,P3,Gynécologie-obstétrique,Consultation non urgente / programmée,Problème stable nécessitant suivi programmé.
B06-205,Médecine materno-fœtale,problème lié au bien-être fœtal d'apparition aiguë avec altération importante de l'état général.,Moins de 24 heures,P1,P1,Gynécologie-obstétrique|Médecine d’urgence,Urgences / évaluation immédiate,Tableau aigu à potentiel critique.
B06-206,Médecine materno-fœtale,"problème lié au bien-être fœtal récent et significatif, sans signe de détresse immédiate.",1 à 3 jours,P2,P2,Gynécologie-obstétrique,Consultation médicale prioritaire,Tableau aigu nécessitant évaluation prioritaire.
B06-207,Médecine materno-fœtale,"problème lié au bien-être fœtal stable, connu, sans aggravation depuis plusieurs semaines.",Plus d'une semaine,P3,P3,Gynécologie-obstétrique,Consultation non urgente / programmée,Problème stable nécessitant suivi programmé.
B06-208,Urgences pédiatriques,enfant avec signe aigu d'apparition aiguë avec altération importante de l'état général.,Moins de 24 heures,P1,P1,Pédiatrie|Médecine d’urgence,Urgences / évaluation immédiate,Tableau aigu à potentiel critique.
B06-209,Urgences pédiatriques,"enfant avec signe aigu récent et significatif, sans signe de détresse immédiate.",1 à 3 jours,P2,P2,Pédiatrie,Consultation médicale prioritaire,Tableau aigu nécessitant évaluation prioritaire.
B06-210,Urgences pédiatriques,"enfant avec signe aigu stable, connu, sans aggravation depuis plusieurs semaines.",Plus d'une semaine,P3,P3,Pédiatrie,Consultation non urgente / programmée,Problème stable nécessitant suivi programmé.
B06-211,Nutrition pédiatrique,croissance insuffisante récent avec aggravation nette ou retentissement important sur les activités.,1 à 3 jours,P2,P2|P3,Pédiatrie,Consultation médicale prioritaire,Symptôme significatif sans danger immédiat clairement décrit.
B06-212,Nutrition pédiatrique,"croissance insuffisante persistant mais stable depuis plusieurs semaines, sans signe d'alarme.",Plus d'une semaine,P3,P3,Pédiatrie,Consultation non urgente / programmée,Problème persistant stable nécessitant consultation programmée.
B06-213,Nutrition pédiatrique,"croissance insuffisante léger, transitoire et déjà en amélioration, sans signe d'alarme.",1 à 3 jours,P4,P3|P4,Pédiatrie,Conseils / autosurveillance,"Symptôme bénin en amélioration, recours si persistance/aggravation."
B06-214,Maladies éruptives,"fièvre avec éruption avec confusion, faiblesse majeure ou impossibilité de boire.",Moins de 24 heures,P1,P1,Pédiatrie|Infectiologie|Dermatologie|Médecine d’urgence,Urgences / évaluation immédiate,Infection avec signe de gravité systémique.
B06-215,Maladies éruptives,"fièvre avec éruption depuis deux jours, état général altéré mais patient conscient et capable de boire.",1 à 3 jours,P2,P2,Pédiatrie|Infectiologie|Dermatologie,Consultation médicale prioritaire,Infection symptomatique nécessitant évaluation rapide.
B06-216,Maladies éruptives,"fièvre avec éruption léger et stable, sans signe de gravité, depuis plusieurs jours.",Plus d'une semaine,P3,P3|P4,Pédiatrie|Infectiologie|Dermatologie,Consultation non urgente / programmée,Tableau léger/stable sans danger sign.
B06-217,Paludisme,Forte fièvre en zone palustre avec confusion et convulsions.,Moins de 24 heures,P1,P1,Infectiologie|Médecine tropicale|Médecine d’urgence,Urgences / évaluation immédiate,Signes neurologiques de paludisme grave possible.
B06-218,Paludisme,"Fièvre à 39 °C avec frissons et céphalées en zone palustre, patient conscient et capable de boire.",1 à 3 jours,P2,P2,Infectiologie|Médecine tropicale,Consultation médicale prioritaire,Paludisme possible symptomatique nécessitant test et prise en charge rapide.
B06-219,Paludisme,"Fièvre modérée isolée depuis quelques heures, sans signe de gravité, en zone de transmission.",1 à 3 jours,P2,P2|P3,Infectiologie|Médecine tropicale,Consultation médicale prioritaire,Paludisme à exclure selon contexte épidémiologique.
B06-220,Dengue,"fièvre avec myalgies avec confusion, faiblesse majeure ou impossibilité de boire.",Moins de 24 heures,P1,P1,Infectiologie|Médecine tropicale|Médecine d’urgence,Urgences / évaluation immédiate,Infection avec signe de gravité systémique.
B06-221,Dengue,"fièvre avec myalgies depuis deux jours, état général altéré mais patient conscient et capable de boire.",1 à 3 jours,P2,P2,Infectiologie|Médecine tropicale,Consultation médicale prioritaire,Infection symptomatique nécessitant évaluation rapide.
B06-222,Dengue,"fièvre avec myalgies léger et stable, sans signe de gravité, depuis plusieurs jours.",Plus d'une semaine,P3,P3|P4,Infectiologie|Médecine tropicale,Consultation non urgente / programmée,Tableau léger/stable sans danger sign.
B06-223,Fièvre jaune,"fièvre avec ictère avec confusion, faiblesse majeure ou impossibilité de boire.",Moins de 24 heures,P1,P1,Infectiologie|Médecine tropicale|Médecine d’urgence,Urgences / évaluation immédiate,Infection avec signe de gravité systémique.
B06-224,Fièvre jaune,"fièvre avec ictère depuis deux jours, état général altéré mais patient conscient et capable de boire.",1 à 3 jours,P2,P2,Infectiologie|Médecine tropicale,Consultation médicale prioritaire,Infection symptomatique nécessitant évaluation rapide.
B06-225,Fièvre jaune,"fièvre avec ictère léger et stable, sans signe de gravité, depuis plusieurs jours.",Plus d'une semaine,P3,P3|P4,Infectiologie|Médecine tropicale,Consultation non urgente / programmée,Tableau léger/stable sans danger sign.
B06-226,Mpox,"fièvre avec lésions cutanées avec confusion, faiblesse majeure ou impossibilité de boire.",Moins de 24 heures,P1,P1,Infectiologie|Dermatologie|Médecine d’urgence,Urgences / évaluation immédiate,Infection avec signe de gravité systémique.
B06-227,Mpox,"fièvre avec lésions cutanées depuis deux jours, état général altéré mais patient conscient et capable de boire.",1 à 3 jours,P2,P2,Infectiologie|Dermatologie,Consultation médicale prioritaire,Infection symptomatique nécessitant évaluation rapide.
B06-228,Mpox,"fièvre avec lésions cutanées léger et stable, sans signe de gravité, depuis plusieurs jours.",Plus d'une semaine,P3,P3|P4,Infectiologie|Dermatologie,Consultation non urgente / programmée,Tableau léger/stable sans danger sign.
B06-229,Choléra,"Diarrhée aqueuse très abondante, vomissements, yeux creux, grande faiblesse et presque plus d'urines.",Moins de 24 heures,P1,P1,Infectiologie|Gastro-entérologie|Médecine d’urgence,Urgences / évaluation immédiate,Diarrhée aiguë avec signes de déshydratation sévère.
B06-230,Choléra,"Diarrhée aqueuse fréquente depuis ce matin dans une zone avec choléra, mais le patient boit encore.",1 à 3 jours,P2,P2,Infectiologie|Gastro-entérologie,Consultation médicale prioritaire,Risque cholérique avec besoin de réhydratation et évaluation rapide.
B06-231,Choléra,"Deux selles liquides depuis hier, patient bien hydraté et sans vomissement.",Plus d'une semaine,P3,P3|P4,Infectiologie|Gastro-entérologie,Consultation non urgente / programmée,Diarrhée légère sans déshydratation.
B06-232,Rougeole,"fièvre, toux et éruption avec confusion, faiblesse majeure ou impossibilité de boire.",Moins de 24 heures,P1,P1,Infectiologie|Pédiatrie|Médecine d’urgence,Urgences / évaluation immédiate,Infection avec signe de gravité systémique.
B06-233,Rougeole,"fièvre, toux et éruption depuis deux jours, état général altéré mais patient conscient et capable de boire.",1 à 3 jours,P2,P2,Infectiologie|Pédiatrie,Consultation médicale prioritaire,Infection symptomatique nécessitant évaluation rapide.
B06-234,Rougeole,"fièvre, toux et éruption léger et stable, sans signe de gravité, depuis plusieurs jours.",Plus d'une semaine,P3,P3|P4,Infectiologie|Pédiatrie,Consultation non urgente / programmée,Tableau léger/stable sans danger sign.
B06-235,Méningites,"Fièvre élevée, raideur de nuque et confusion.",Moins de 24 heures,P1,P1,Infectiologie|Neurologie|Médecine d’urgence,Urgences / évaluation immédiate,Méningite/encéphalite sévère possible.
B06-236,Méningites,"Fièvre, céphalée importante et raideur légère de nuque, patient conscient.",Moins de 24 heures,P1,P1|P2,Infectiologie|Neurologie|Médecine d’urgence,Urgences / évaluation immédiate,Méningite possible nécessitant évaluation urgente.
B06-237,Méningites,"Céphalée légère avec rhume, nuque souple et absence de fièvre.",1 à 3 jours,P4,P3|P4,Infectiologie|Neurologie,Conseils / autosurveillance,Absence de signes évocateurs de méningite.
B06-238,Fièvres hémorragiques virales,"Fièvre aiguë, grande faiblesse et saignements spontanés dans une zone sous alerte.",Moins de 24 heures,P1,P1,Infectiologie|Médecine tropicale|Médecine d’urgence,Urgences / évaluation immédiate,Suspicion de fièvre hémorragique virale avec signe de gravité et enjeu de santé publique.
B06-239,Fièvres hémorragiques virales,"Fièvre récente après exposition épidémiologique à risque, sans saignement ni altération majeure.",1 à 3 jours,P2,P1|P2,Infectiologie|Médecine tropicale,Consultation médicale prioritaire,Suspicion épidémiologique nécessitant évaluation/isolation rapide.
B06-240,Fièvres hémorragiques virales,"Aucun symptôme, simple question après voyage dans une zone ayant eu une alerte ancienne.",1 à 3 jours,P4,P3|P4,Infectiologie|Médecine tropicale,Conseils / autosurveillance,"Absence de symptôme actuel, orientation selon exposition réelle."
B06-241,Trypanosomiase,"fièvre et somnolence avec confusion, faiblesse majeure ou impossibilité de boire.",Moins de 24 heures,P1,P1,Médecine tropicale|Infectiologie|Médecine d’urgence,Urgences / évaluation immédiate,Infection avec signe de gravité systémique.
B06-242,Trypanosomiase,"fièvre et somnolence depuis deux jours, état général altéré mais patient conscient et capable de boire.",1 à 3 jours,P2,P2,Médecine tropicale|Infectiologie,Consultation médicale prioritaire,Infection symptomatique nécessitant évaluation rapide.
B06-243,Trypanosomiase,"fièvre et somnolence léger et stable, sans signe de gravité, depuis plusieurs jours.",Plus d'une semaine,P3,P3|P4,Médecine tropicale|Infectiologie,Consultation non urgente / programmée,Tableau léger/stable sans danger sign.
B06-244,Schistosomiase,"hématurie après eau douce avec confusion, faiblesse majeure ou impossibilité de boire.",Moins de 24 heures,P1,P1,Médecine tropicale|Infectiologie|Médecine d’urgence,Urgences / évaluation immédiate,Infection avec signe de gravité systémique.
B06-245,Schistosomiase,"hématurie après eau douce depuis deux jours, état général altéré mais patient conscient et capable de boire.",1 à 3 jours,P2,P2,Médecine tropicale|Infectiologie,Consultation médicale prioritaire,Infection symptomatique nécessitant évaluation rapide.
B06-246,Schistosomiase,"hématurie après eau douce léger et stable, sans signe de gravité, depuis plusieurs jours.",Plus d'une semaine,P3,P3|P4,Médecine tropicale|Infectiologie,Consultation non urgente / programmée,Tableau léger/stable sans danger sign.
B06-247,Filariose,"œdème lymphatique avec confusion, faiblesse majeure ou impossibilité de boire.",Moins de 24 heures,P1,P1,Médecine tropicale|Infectiologie|Médecine d’urgence,Urgences / évaluation immédiate,Infection avec signe de gravité systémique.
B06-248,Filariose,"œdème lymphatique depuis deux jours, état général altéré mais patient conscient et capable de boire.",1 à 3 jours,P2,P2,Médecine tropicale|Infectiologie,Consultation médicale prioritaire,Infection symptomatique nécessitant évaluation rapide.
B06-249,Filariose,"œdème lymphatique léger et stable, sans signe de gravité, depuis plusieurs jours.",Plus d'une semaine,P3,P3|P4,Médecine tropicale|Infectiologie,Consultation non urgente / programmée,Tableau léger/stable sans danger sign.
B06-250,Onchocercose,"prurit chronique et trouble visuel avec confusion, faiblesse majeure ou impossibilité de boire.",Moins de 24 heures,P1,P1,Médecine tropicale|Ophtalmologie|Dermatologie|Médecine d’urgence,Urgences / évaluation immédiate,Infection avec signe de gravité systémique.
B06-251,Onchocercose,"prurit chronique et trouble visuel depuis deux jours, état général altéré mais patient conscient et capable de boire.",1 à 3 jours,P2,P2,Médecine tropicale|Ophtalmologie|Dermatologie,Consultation médicale prioritaire,Infection symptomatique nécessitant évaluation rapide.
B06-252,Onchocercose,"prurit chronique et trouble visuel léger et stable, sans signe de gravité, depuis plusieurs jours.",Plus d'une semaine,P3,P3|P4,Médecine tropicale|Ophtalmologie|Dermatologie,Consultation non urgente / programmée,Tableau léger/stable sans danger sign.
B06-253,Leishmaniose,"lésion cutanée chronique avec confusion, faiblesse majeure ou impossibilité de boire.",Moins de 24 heures,P1,P1,Médecine tropicale|Dermatologie|Infectiologie|Médecine d’urgence,Urgences / évaluation immédiate,Infection avec signe de gravité systémique.
B06-254,Leishmaniose,"lésion cutanée chronique depuis deux jours, état général altéré mais patient conscient et capable de boire.",1 à 3 jours,P2,P2,Médecine tropicale|Dermatologie|Infectiologie,Consultation médicale prioritaire,Infection symptomatique nécessitant évaluation rapide.
B06-255,Leishmaniose,"lésion cutanée chronique léger et stable, sans signe de gravité, depuis plusieurs jours.",Plus d'une semaine,P3,P3|P4,Médecine tropicale|Dermatologie|Infectiologie,Consultation non urgente / programmée,Tableau léger/stable sans danger sign.
B06-256,Amibiase,"diarrhée glairo-sanglante avec confusion, faiblesse majeure ou impossibilité de boire.",Moins de 24 heures,P1,P1,Médecine tropicale|Gastro-entérologie|Médecine d’urgence,Urgences / évaluation immédiate,Infection avec signe de gravité systémique.
B06-257,Amibiase,"diarrhée glairo-sanglante depuis deux jours, état général altéré mais patient conscient et capable de boire.",1 à 3 jours,P2,P2,Médecine tropicale|Gastro-entérologie,Consultation médicale prioritaire,Infection symptomatique nécessitant évaluation rapide.
B06-258,Amibiase,"diarrhée glairo-sanglante léger et stable, sans signe de gravité, depuis plusieurs jours.",Plus d'une semaine,P3,P3|P4,Médecine tropicale|Gastro-entérologie,Consultation non urgente / programmée,Tableau léger/stable sans danger sign.
B06-259,Helminthiases intestinales,"douleur abdominale avec parasitose avec confusion, faiblesse majeure ou impossibilité de boire.",Moins de 24 heures,P1,P1,Médecine tropicale|Gastro-entérologie|Médecine d’urgence,Urgences / évaluation immédiate,Infection avec signe de gravité systémique.
B06-260,Helminthiases intestinales,"douleur abdominale avec parasitose depuis deux jours, état général altéré mais patient conscient et capable de boire.",1 à 3 jours,P2,P2,Médecine tropicale|Gastro-entérologie,Consultation médicale prioritaire,Infection symptomatique nécessitant évaluation rapide.
B06-261,Helminthiases intestinales,"douleur abdominale avec parasitose léger et stable, sans signe de gravité, depuis plusieurs jours.",Plus d'une semaine,P3,P3|P4,Médecine tropicale|Gastro-entérologie,Consultation non urgente / programmée,Tableau léger/stable sans danger sign.
B06-262,VIH/IST,"symptômes infectieux prolongés avec confusion, faiblesse majeure ou impossibilité de boire.",Moins de 24 heures,P1,P1,Infectiologie|Médecine d’urgence,Urgences / évaluation immédiate,Infection avec signe de gravité systémique.
B06-263,VIH/IST,"symptômes infectieux prolongés depuis deux jours, état général altéré mais patient conscient et capable de boire.",1 à 3 jours,P2,P2,Infectiologie,Consultation médicale prioritaire,Infection symptomatique nécessitant évaluation rapide.
B06-264,VIH/IST,"symptômes infectieux prolongés léger et stable, sans signe de gravité, depuis plusieurs jours.",Plus d'une semaine,P3,P3|P4,Infectiologie,Consultation non urgente / programmée,Tableau léger/stable sans danger sign.
B06-265,Infections respiratoires aiguës,"toux récente avec confusion, faiblesse majeure ou impossibilité de boire.",Moins de 24 heures,P1,P1,Pneumologie|Médecin généraliste|Infectiologie|Médecine d’urgence,Urgences / évaluation immédiate,Infection avec signe de gravité systémique.
B06-266,Infections respiratoires aiguës,"toux récente depuis deux jours, état général altéré mais patient conscient et capable de boire.",1 à 3 jours,P2,P2,Pneumologie|Médecin généraliste|Infectiologie,Consultation médicale prioritaire,Infection symptomatique nécessitant évaluation rapide.
B06-267,Infections respiratoires aiguës,"toux récente léger et stable, sans signe de gravité, depuis plusieurs jours.",Plus d'une semaine,P3,P3|P4,Pneumologie|Médecin généraliste|Infectiologie,Consultation non urgente / programmée,Tableau léger/stable sans danger sign.
B06-268,Zoonoses,"fièvre après contact animal avec confusion, faiblesse majeure ou impossibilité de boire.",Moins de 24 heures,P1,P1,Infectiologie|Médecine tropicale|Médecine d’urgence,Urgences / évaluation immédiate,Infection avec signe de gravité systémique.
B06-269,Zoonoses,"fièvre après contact animal depuis deux jours, état général altéré mais patient conscient et capable de boire.",1 à 3 jours,P2,P2,Infectiologie|Médecine tropicale,Consultation médicale prioritaire,Infection symptomatique nécessitant évaluation rapide.
B06-270,Zoonoses,"fièvre après contact animal léger et stable, sans signe de gravité, depuis plusieurs jours.",Plus d'une semaine,P3,P3|P4,Infectiologie|Médecine tropicale,Consultation non urgente / programmée,Tableau léger/stable sans danger sign.
B06-271,Morsures et envenimations,morsure ou piqûre venimeuse d'apparition aiguë avec altération importante de l'état général.,Moins de 24 heures,P1,P1,Toxicologie|Médecine d’urgence,Urgences / évaluation immédiate,Tableau aigu à potentiel critique.
B06-272,Morsures et envenimations,"morsure ou piqûre venimeuse récent et significatif, sans signe de détresse immédiate.",1 à 3 jours,P2,P2,Toxicologie|Médecine d’urgence,Consultation médicale prioritaire,Tableau aigu nécessitant évaluation prioritaire.
B06-273,Morsures et envenimations,"morsure ou piqûre venimeuse stable, connu, sans aggravation depuis plusieurs semaines.",Plus d'une semaine,P3,P3,Toxicologie|Médecine d’urgence,Consultation non urgente / programmée,Problème stable nécessitant suivi programmé.
B06-274,Santé des réfugiés/déplacés,symptômes en contexte de déplacement récent avec aggravation nette ou retentissement important sur les activités.,1 à 3 jours,P2,P2|P3,Médecin généraliste|Médecine interne|Infectiologie,Consultation médicale prioritaire,Symptôme significatif sans danger immédiat clairement décrit.
B06-275,Santé des réfugiés/déplacés,"symptômes en contexte de déplacement persistant mais stable depuis plusieurs semaines, sans signe d'alarme.",Plus d'une semaine,P3,P3,Médecin généraliste|Médecine interne|Infectiologie,Consultation non urgente / programmée,Problème persistant stable nécessitant consultation programmée.
B06-276,Santé des réfugiés/déplacés,"symptômes en contexte de déplacement léger, transitoire et déjà en amélioration, sans signe d'alarme.",1 à 3 jours,P4,P3|P4,Médecin généraliste|Médecine interne|Infectiologie,Conseils / autosurveillance,"Symptôme bénin en amélioration, recours si persistance/aggravation."
B06-277,Médecine en zone minière,symptômes liés à l'exposition minière récent avec aggravation nette ou retentissement important sur les activités.,1 à 3 jours,P2,P2|P3,Médecin généraliste|Pneumologie|Médecine du travail,Consultation médicale prioritaire,Symptôme significatif sans danger immédiat clairement décrit.
B06-278,Médecine en zone minière,"symptômes liés à l'exposition minière persistant mais stable depuis plusieurs semaines, sans signe d'alarme.",Plus d'une semaine,P3,P3,Médecin généraliste|Pneumologie|Médecine du travail,Consultation non urgente / programmée,Problème persistant stable nécessitant consultation programmée.
B06-279,Médecine en zone minière,"symptômes liés à l'exposition minière léger, transitoire et déjà en amélioration, sans signe d'alarme.",1 à 3 jours,P4,P3|P4,Médecin généraliste|Pneumologie|Médecine du travail,Conseils / autosurveillance,"Symptôme bénin en amélioration, recours si persistance/aggravation."
B06-280,Santé rurale,symptômes en zone rurale éloignée récent avec aggravation nette ou retentissement important sur les activités.,1 à 3 jours,P2,P2|P3,Médecin généraliste|Médecine interne,Consultation médicale prioritaire,Symptôme significatif sans danger immédiat clairement décrit.
B06-281,Santé rurale,"symptômes en zone rurale éloignée persistant mais stable depuis plusieurs semaines, sans signe d'alarme.",Plus d'une semaine,P3,P3,Médecin généraliste|Médecine interne,Consultation non urgente / programmée,Problème persistant stable nécessitant consultation programmée.
B06-282,Santé rurale,"symptômes en zone rurale éloignée léger, transitoire et déjà en amélioration, sans signe d'alarme.",1 à 3 jours,P4,P3|P4,Médecin généraliste|Médecine interne,Conseils / autosurveillance,"Symptôme bénin en amélioration, recours si persistance/aggravation."
B06-283,Santé en zone forestière,fièvre après exposition forestière récent avec aggravation nette ou retentissement important sur les activités.,1 à 3 jours,P2,P2|P3,Médecin généraliste|Médecine tropicale|Infectiologie,Consultation médicale prioritaire,Symptôme significatif sans danger immédiat clairement décrit.
B06-284,Santé en zone forestière,"fièvre après exposition forestière persistant mais stable depuis plusieurs semaines, sans signe d'alarme.",Plus d'une semaine,P3,P3,Médecin généraliste|Médecine tropicale|Infectiologie,Consultation non urgente / programmée,Problème persistant stable nécessitant consultation programmée.
B06-285,Santé en zone forestière,"fièvre après exposition forestière léger, transitoire et déjà en amélioration, sans signe d'alarme.",1 à 3 jours,P4,P3|P4,Médecin généraliste|Médecine tropicale|Infectiologie,Conseils / autosurveillance,"Symptôme bénin en amélioration, recours si persistance/aggravation."
B06-286,Déshydratation,pertes hydriques récent avec aggravation nette ou retentissement important sur les activités.,1 à 3 jours,P2,P2|P3,Médecin généraliste|Gastro-entérologie|Infectiologie,Consultation médicale prioritaire,Symptôme significatif sans danger immédiat clairement décrit.
B06-287,Déshydratation,"pertes hydriques persistant mais stable depuis plusieurs semaines, sans signe d'alarme.",Plus d'une semaine,P3,P3,Médecin généraliste|Gastro-entérologie|Infectiologie,Consultation non urgente / programmée,Problème persistant stable nécessitant consultation programmée.
B06-288,Déshydratation,"pertes hydriques léger, transitoire et déjà en amélioration, sans signe d'alarme.",1 à 3 jours,P4,P3|P4,Médecin généraliste|Gastro-entérologie|Infectiologie,Conseils / autosurveillance,"Symptôme bénin en amélioration, recours si persistance/aggravation."
B06-289,Brûlures,Brûlure du visage après incendie avec voix rauque et difficulté à respirer.,Moins de 24 heures,P1,P1,Chirurgie plastique et reconstructive|Chirurgie générale|Médecine d’urgence,Urgences / évaluation immédiate,Risque d'atteinte des voies aériennes après brûlure.
B06-290,Brûlures,"Brûlure avec cloques sur l'avant-bras, surface limitée, douleur importante.",1 à 3 jours,P2,P2,Chirurgie plastique et reconstructive|Chirurgie générale,Consultation médicale prioritaire,Brûlure du deuxième degré limitée nécessitant évaluation.
B06-291,Brûlures,"Petite brûlure superficielle de 2 cm sur la main, rouge, sans cloque, douleur légère.",1 à 3 jours,P4,P3|P4,Chirurgie plastique et reconstructive|Chirurgie générale,Conseils / autosurveillance,Brûlure superficielle très limitée sans red flag.
B06-292,Plaies et infections cutanées,plaie infectée récent avec aggravation nette ou retentissement important sur les activités.,1 à 3 jours,P2,P2|P3,Dermatologie|Chirurgie générale,Consultation médicale prioritaire,Symptôme significatif sans danger immédiat clairement décrit.
B06-293,Plaies et infections cutanées,"plaie infectée persistant mais stable depuis plusieurs semaines, sans signe d'alarme.",Plus d'une semaine,P3,P3,Dermatologie|Chirurgie générale,Consultation non urgente / programmée,Problème persistant stable nécessitant consultation programmée.
B06-294,Plaies et infections cutanées,"plaie infectée léger, transitoire et déjà en amélioration, sans signe d'alarme.",1 à 3 jours,P4,P3|P4,Dermatologie|Chirurgie générale,Conseils / autosurveillance,"Symptôme bénin en amélioration, recours si persistance/aggravation."
B06-295,Douleur aiguë,douleur récente récent avec aggravation nette ou retentissement important sur les activités.,1 à 3 jours,P2,P2|P3,Médecin généraliste|Médecine d’urgence,Consultation médicale prioritaire,Symptôme significatif sans danger immédiat clairement décrit.
B06-296,Douleur aiguë,"douleur récente persistant mais stable depuis plusieurs semaines, sans signe d'alarme.",Plus d'une semaine,P3,P3,Médecin généraliste|Médecine d’urgence,Consultation non urgente / programmée,Problème persistant stable nécessitant consultation programmée.
B06-297,Douleur aiguë,"douleur récente léger, transitoire et déjà en amélioration, sans signe d'alarme.",1 à 3 jours,P4,P3|P4,Médecin généraliste|Médecine d’urgence,Conseils / autosurveillance,"Symptôme bénin en amélioration, recours si persistance/aggravation."
B06-298,Douleur chronique,douleur persistante récent avec aggravation nette ou retentissement important sur les activités.,1 à 3 jours,P2,P2|P3,Médecin généraliste|Médecine physique et réadaptation,Consultation médicale prioritaire,Symptôme significatif sans danger immédiat clairement décrit.
B06-299,Douleur chronique,"douleur persistante persistant mais stable depuis plusieurs semaines, sans signe d'alarme.",Plus d'une semaine,P3,P3,Médecin généraliste|Médecine physique et réadaptation,Consultation non urgente / programmée,Problème persistant stable nécessitant consultation programmée.
B06-300,Douleur chronique,"douleur persistante léger, transitoire et déjà en amélioration, sans signe d'alarme.",1 à 3 jours,P4,P3|P4,Médecin généraliste|Médecine physique et réadaptation,Conseils / autosurveillance,"Symptôme bénin en amélioration, recours si persistance/aggravation."
